drop database jinairdb;
CREATE DATABASE  IF NOT EXISTS `jinairdb` /*!40100 DEFAULT CHARACTER SET utf8mb4 COLLATE utf8mb4_0900_ai_ci */ /*!80016 DEFAULT ENCRYPTION='N' */;
USE `jinairdb`;
-- MySQL dump 10.13  Distrib 8.0.40, for Win64 (x86_64)
--
-- Host: localhost    Database: jinairdb
-- ------------------------------------------------------
-- Server version	8.4.3

/*!40101 SET @OLD_CHARACTER_SET_CLIENT=@@CHARACTER_SET_CLIENT */;
/*!40101 SET @OLD_CHARACTER_SET_RESULTS=@@CHARACTER_SET_RESULTS */;
/*!40101 SET @OLD_COLLATION_CONNECTION=@@COLLATION_CONNECTION */;
/*!50503 SET NAMES utf8 */;
/*!40103 SET @OLD_TIME_ZONE=@@TIME_ZONE */;
/*!40103 SET TIME_ZONE='+00:00' */;
/*!40014 SET @OLD_UNIQUE_CHECKS=@@UNIQUE_CHECKS, UNIQUE_CHECKS=0 */;
/*!40014 SET @OLD_FOREIGN_KEY_CHECKS=@@FOREIGN_KEY_CHECKS, FOREIGN_KEY_CHECKS=0 */;
/*!40101 SET @OLD_SQL_MODE=@@SQL_MODE, SQL_MODE='NO_AUTO_VALUE_ON_ZERO' */;
/*!40111 SET @OLD_SQL_NOTES=@@SQL_NOTES, SQL_NOTES=0 */;

--
-- Table structure for table `admin`
--

DROP TABLE IF EXISTS `admin`;
/*!40101 SET @saved_cs_client     = @@character_set_client */;
/*!50503 SET character_set_client = utf8mb4 */;
CREATE TABLE `admin` (
  `aid` varchar(20) NOT NULL,
  `password` varchar(20) NOT NULL,
  `name` varchar(10) NOT NULL,
  `phone` varchar(23) NOT NULL,
  `email` varchar(50) NOT NULL,
  `register_date` datetime NOT NULL,
  PRIMARY KEY (`aid`)
) ENGINE=InnoDB DEFAULT CHARSET=utf8mb4 COLLATE=utf8mb4_0900_ai_ci;
/*!40101 SET character_set_client = @saved_cs_client */;

--
-- Dumping data for table `admin`
--

LOCK TABLES `admin` WRITE;
/*!40000 ALTER TABLE `admin` DISABLE KEYS */;
INSERT INTO `admin` VALUES ('ADMIN1','1111','관리자1','010-0000-0000','ADMIN1@GOOGLE.COM','2025-03-26 18:14:27'),('ADMIN2','2222','관리자2','010-0000-0000','ADMIN2@GOOGLE.COM','2025-03-26 18:14:27');
/*!40000 ALTER TABLE `admin` ENABLE KEYS */;
UNLOCK TABLES;

--
-- Table structure for table `country`
--

DROP TABLE IF EXISTS `country`;
/*!40101 SET @saved_cs_client     = @@character_set_client */;
/*!50503 SET character_set_client = utf8mb4 */;
CREATE TABLE `country` (
  `area` varchar(10) NOT NULL,
  `city` varchar(40) NOT NULL,
  PRIMARY KEY (`city`)
) ENGINE=InnoDB DEFAULT CHARSET=utf8mb4 COLLATE=utf8mb4_0900_ai_ci;
/*!40101 SET character_set_client = @saved_cs_client */;

--
-- Dumping data for table `country`
--

LOCK TABLES `country` WRITE;
/*!40000 ALTER TABLE `country` DISABLE KEYS */;
/*!40000 ALTER TABLE `country` ENABLE KEYS */;
UNLOCK TABLES;

--
-- Table structure for table `customer`
--

DROP TABLE IF EXISTS `customer`;
/*!40101 SET @saved_cs_client     = @@character_set_client */;
/*!50503 SET character_set_client = utf8mb4 */;
CREATE TABLE `customer` (
  `id` varchar(20) NOT NULL,
  `password` varchar(20) NOT NULL,
  `kname_first` varchar(10) NOT NULL,
  `kname_last` varchar(10) NOT NULL,
  `ename_firtst` varchar(20) NOT NULL,
  `ename_last` varchar(20) NOT NULL,
  `phone` varchar(23) NOT NULL,
  `email` varchar(50) NOT NULL,
  `gender` char(1) NOT NULL,
  `birth` varchar(10) NOT NULL,
  `reg_date` datetime NOT NULL,
  `zipcode` int DEFAULT NULL,
  `address` varchar(80) DEFAULT NULL,
  `detail_address` varchar(80) DEFAULT NULL,
  `nationality` varchar(10) DEFAULT NULL,
  `country` varchar(10) DEFAULT NULL,
  `profile_img` json DEFAULT NULL,
  `miles` int DEFAULT '0',
  `coupon` json DEFAULT NULL,
  `interest_area` json DEFAULT NULL,
  `interest_thema` json DEFAULT NULL,
  PRIMARY KEY (`id`)
) ENGINE=InnoDB DEFAULT CHARSET=utf8mb4 COLLATE=utf8mb4_0900_ai_ci;
/*!40101 SET character_set_client = @saved_cs_client */;

--
-- Dumping data for table `customer`
--

LOCK TABLES `customer` WRITE;
/*!40000 ALTER TABLE `customer` DISABLE KEYS */;
INSERT INTO `customer` VALUES ('test1','1111','홍','길동','HONG','GILLDONG','010-1234-5678','HONG@GOOGLE.COM','F','1996.05.23','2025-03-26 18:14:27',NULL,NULL,NULL,NULL,NULL,NULL,0,NULL,NULL,NULL),('test2','2222','바나','프레소','BANA','PRESSO','010-1234-5678','BANA@PRESSO.COM','M','2000.05.23','2025-03-26 18:14:27',NULL,NULL,NULL,NULL,NULL,NULL,0,NULL,NULL,NULL);
/*!40000 ALTER TABLE `customer` ENABLE KEYS */;
UNLOCK TABLES;

--
-- Table structure for table `flight`
--

DROP TABLE IF EXISTS `flight`;
/*!40101 SET @saved_cs_client     = @@character_set_client */;
/*!50503 SET character_set_client = utf8mb4 */;
CREATE TABLE `flight` (
  `fNUM` varchar(20) NOT NULL,
  `pnum` varchar(20) NOT NULL,
  `Departure_location` varchar(20) NOT NULL,
  `D_acode` varchar(5) NOT NULL,
  `Arrive_location` varchar(20) NOT NULL,
  `A_acode` varchar(5) NOT NULL,
  `Departure_date` datetime NOT NULL,
  `Arrive_date` datetime NOT NULL,
  `total_Passengers` int NOT NULL,
  `basic_seat` int DEFAULT NULL,
  `premium_seat` int DEFAULT NULL,
  `basic_price` int DEFAULT NULL,
  `premium_price` int DEFAULT NULL,
  PRIMARY KEY (`fNUM`)
) ENGINE=InnoDB DEFAULT CHARSET=utf8mb4 COLLATE=utf8mb4_0900_ai_ci;
/*!40101 SET character_set_client = @saved_cs_client */;

--
-- Dumping data for table `flight`
--

LOCK TABLES `flight` WRITE;
/*!40000 ALTER TABLE `flight` DISABLE KEYS */;
INSERT INTO `flight` VALUES ('LJ100','B737-900','마카오','MFM','대구','TAE','2025-04-01 15:45:00','2025-04-01 14:40:00',188,180,8,94000,136000),('LJ101','B737-900','코타키나발루','BKI','포항/경주','KPO','2025-04-01 20:59:00','2025-04-01 19:40:00',188,180,8,114000,304000),('LJ102','B737-800','울란바토르','UBN','청주','CJJ','2025-04-01 19:23:00','2025-04-01 17:40:00',188,180,8,122000,417000),('LJ103','B737-800','타이중','RMQ','무안','MWX','2025-04-03 00:02:00','2025-04-02 22:30:00',188,180,8,345000,442000),('LJ104','B737-800','세부','CEB','사천','HIN','2025-04-02 08:07:00','2025-04-02 06:20:00',188,180,8,113000,149000),('LJ105','B737-800','클락','CRK','제주','CJU','2025-04-02 17:19:00','2025-04-02 15:30:00',188,180,8,301000,416000),('LJ106','B737-900','울란바토르','UBN','포항/경주','KPO','2025-04-03 19:27:00','2025-04-03 18:40:00',188,180,8,210000,426000),('LJ107','B737-900','오키나와','OKA','울산','USN','2025-04-03 22:54:00','2025-04-03 21:50:00',188,180,8,217000,414000),('LJ108','B737-800','타이베이/타오위안','TPE','울산','USN','2025-04-03 16:37:00','2025-04-03 14:40:00',188,180,8,111000,440000),('LJ109','B737-800','다카마쓰','TAK','여수','RSU','2025-04-04 19:19:00','2025-04-04 17:40:00',188,180,8,312000,314000),('LJ110','B737-800','보홀','TAG','제주','CJU','2025-04-04 23:29:00','2025-04-04 21:40:00',188,180,8,285000,377000),('LJ111','B737-900','타이중','RMQ','원주','WJU','2025-04-04 09:53:00','2025-04-04 08:30:00',188,180,8,117000,391000),('LJ112','B737-800','타이베이/타오위안','TPE','청주','CJJ','2025-04-05 13:13:00','2025-04-05 12:20:00',188,180,8,159000,340000),('LJ113','B737-900','후쿠오카','FUK','서울/김포','GMP','2025-04-05 14:43:00','2025-04-05 14:10:00',188,180,8,140000,425000),('LJ114','B737-800','다낭','DAD','여수','RSU','2025-04-05 19:00:00','2025-04-05 17:50:00',188,180,8,177000,423000),('LJ115','B737-900','타이중','RMQ','울산','USN','2025-04-06 12:58:00','2025-04-06 11:00:00',188,180,8,317000,428000),('LJ116','B737-800','삿포로','CTS','울산','USN','2025-04-06 07:31:00','2025-04-06 06:50:00',188,180,8,86000,251000),('LJ117','B737-900','나고야','NGO','포항/경주','KPO','2025-04-06 20:45:00','2025-04-06 19:50:00',188,180,8,132000,299000),('LJ118','B737-800','코타키나발루','BKI','청주','CJJ','2025-04-07 23:03:00','2025-04-07 22:30:00',188,180,8,156000,439000),('LJ119','B737-900','정저우','CGO','사천','HIN','2025-04-07 09:39:00','2025-04-07 08:00:00',188,180,8,211000,416000),('LJ120','B737-800','푸껫','HKT','포항/경주','KPO','2025-04-07 23:00:00','2025-04-07 21:30:00',188,180,8,288000,407000),('LJ121','B737-800','푸꾸옥','PQC','서울/김포','GMP','2025-04-08 07:20:00','2025-04-08 06:30:00',188,180,8,345000,410000),('LJ122','B737-800','타이중','RMQ','광주','KWJ','2025-04-08 18:18:00','2025-04-08 16:20:00',188,180,8,159000,190000),('LJ123','B737-900','기타큐슈','KKJ','청주','CJJ','2025-04-08 15:20:00','2025-04-08 13:20:00',188,180,8,165000,373000),('LJ124','B737-800','나고야','NGO','부산','PUS','2025-04-09 07:54:00','2025-04-09 07:20:00',188,180,8,230000,356000),('LJ125','B737-900','코타키나발루','BKI','제주','CJU','2025-04-09 08:37:00','2025-04-09 07:30:00',188,180,8,120000,323000),('LJ126','B737-800','푸꾸옥','PQC','부산','PUS','2025-04-09 08:42:00','2025-04-09 06:50:00',188,180,8,206000,398000),('LJ127','B737-800','클락','CRK','대구','TAE','2025-04-10 22:08:00','2025-04-10 20:20:00',188,180,8,299000,316000),('LJ128','B737-900','다낭','DAD','청주','CJJ','2025-04-10 17:09:00','2025-04-10 15:20:00',188,180,8,159000,224000),('LJ129','B737-900','타이베이/타오위안','TPE','부산','PUS','2025-04-10 17:11:00','2025-04-10 16:30:00',188,180,8,210000,277000),('LJ130','B737-900','기타큐슈','KKJ','서울/김포','GMP','2025-04-11 09:06:00','2025-04-11 07:10:00',188,180,8,234000,415000),('LJ131','B737-900','보홀','TAG','부산','PUS','2025-04-11 21:41:00','2025-04-11 21:00:00',188,180,8,231000,272000),('LJ132','B737-800','삿포로','CTS','청주','CJJ','2025-04-12 00:04:00','2025-04-11 22:20:00',188,180,8,303000,404000),('LJ133','B737-800','세부','CEB','원주','WJU','2025-04-12 10:34:00','2025-04-12 08:50:00',188,180,8,284000,389000),('LJ134','B737-800','상하이/푸둥','PVG','서울/인천','ICN','2025-04-12 14:03:00','2025-04-12 12:50:00',188,180,8,125000,153000),('LJ135','B737-900','괌','GUM','무안','MWX','2025-04-12 12:12:00','2025-04-12 11:00:00',188,180,8,312000,395000),('LJ136','B737-800','후쿠오카','FUK','부산','PUS','2025-04-13 11:21:00','2025-04-13 09:50:00',188,180,8,216000,246000),('LJ137','B737-900','상하이/푸둥','PVG','광주','KWJ','2025-04-13 09:08:00','2025-04-13 08:10:00',188,180,8,248000,404000),('LJ138','B737-900','후쿠오카','FUK','서울/인천','ICN','2025-04-13 13:49:00','2025-04-13 13:00:00',188,180,8,203000,324000),('LJ139','B737-800','보홀','TAG','사천','HIN','2025-04-14 21:57:00','2025-04-14 20:10:00',188,180,8,139000,411000),('LJ140','B737-900','나고야','NGO','청주','CJJ','2025-04-14 19:52:00','2025-04-14 18:30:00',188,180,8,201000,251000),('LJ141','B737-900','마카오','MFM','부산','PUS','2025-04-14 18:20:00','2025-04-14 17:10:00',188,180,8,269000,405000),('LJ142','B737-800','방콕','BKK','제주','CJU','2025-04-15 13:01:00','2025-04-15 12:00:00',188,180,8,82000,163000),('LJ143','B737-800','정저우','CGO','대구','TAE','2025-04-15 18:47:00','2025-04-15 17:30:00',188,180,8,256000,332000),('LJ144','B737-900','나고야','NGO','부산','PUS','2025-04-15 16:04:00','2025-04-15 14:40:00',188,180,8,291000,401000),('LJ145','B737-900','방콕','BKK','울산','USN','2025-04-16 19:47:00','2025-04-16 18:40:00',188,180,8,134000,260000),('LJ146','B737-900','후쿠오카','FUK','포항/경주','KPO','2025-04-16 13:24:00','2025-04-16 11:30:00',188,180,8,339000,427000),('LJ147','B737-900','보홀','TAG','대구','TAE','2025-04-16 22:59:00','2025-04-16 22:10:00',188,180,8,100000,148000),('LJ148','B737-800','정저우','CGO','서울/인천','ICN','2025-04-17 11:57:00','2025-04-17 10:00:00',188,180,8,129000,370000),('LJ149','B737-900','오사카/간사이','KIX','부산','PUS','2025-04-17 23:27:00','2025-04-17 21:30:00',188,180,8,274000,393000),('LJ150','B737-900','상하이/푸둥','PVG','서울/인천','ICN','2025-04-17 13:32:00','2025-04-17 12:30:00',188,180,8,313000,450000),('LJ151','B737-800','푸껫','HKT','청주','CJJ','2025-04-18 12:18:00','2025-04-18 11:00:00',188,180,8,203000,448000),('LJ152','B737-800','괌','GUM','서울/김포','GMP','2025-04-18 10:10:00','2025-04-18 09:40:00',188,180,8,182000,351000),('LJ153','B737-900','다낭','DAD','청주','CJJ','2025-04-18 09:32:00','2025-04-18 09:00:00',188,180,8,104000,135000),('LJ154','B737-900','세부','CEB','여수','RSU','2025-04-19 18:37:00','2025-04-19 16:50:00',188,180,8,223000,341000),('LJ155','B737-800','타이중','RMQ','대구','TAE','2025-04-19 21:01:00','2025-04-19 20:20:00',188,180,8,132000,246000),('LJ156','B737-900','오사카/간사이','KIX','여수','RSU','2025-04-19 08:15:00','2025-04-19 07:40:00',188,180,8,249000,345000),('LJ157','B737-800','삿포로','CTS','서울/인천','ICN','2025-04-20 11:13:00','2025-04-20 10:00:00',188,180,8,349000,399000),('LJ158','B737-900','울란바토르','UBN','서울/인천','ICN','2025-04-20 11:16:00','2025-04-20 10:30:00',188,180,8,211000,261000),('LJ159','B737-800','타이중','RMQ','대구','TAE','2025-04-20 09:34:00','2025-04-20 08:10:00',188,180,8,231000,340000),('LJ160','B737-800','삿포로','CTS','원주','WJU','2025-04-21 08:00:00','2025-04-21 06:50:00',188,180,8,226000,399000),('LJ161','B737-800','미야코지마/시모지시마','SHI','무안','MWX','2025-04-21 17:03:00','2025-04-21 16:20:00',188,180,8,276000,428000),('LJ162','B737-900','홍콩','HKG','사천','HIN','2025-04-21 20:57:00','2025-04-21 19:10:00',188,180,8,225000,405000),('LJ163','B737-900','나고야','NGO','사천','HIN','2025-04-22 20:02:00','2025-04-22 19:10:00',188,180,8,151000,282000),('LJ164','B737-900','삿포로','CTS','청주','CJJ','2025-04-22 10:39:00','2025-04-22 09:40:00',188,180,8,162000,305000),('LJ165','B737-900','나트랑','CXR','제주','CJU','2025-04-22 17:28:00','2025-04-22 15:30:00',188,180,8,152000,153000),('LJ166','B737-800','세부','CEB','대구','TAE','2025-04-23 22:57:00','2025-04-23 21:40:00',188,180,8,176000,329000),('LJ167','B737-900','방콕','BKK','원주','WJU','2025-04-23 19:16:00','2025-04-23 17:50:00',188,180,8,259000,402000),('LJ168','B737-800','방콕','BKK','대구','TAE','2025-04-23 14:48:00','2025-04-23 12:50:00',188,180,8,116000,407000),('LJ169','B737-800','정저우','CGO','사천','HIN','2025-04-24 10:20:00','2025-04-24 08:30:00',188,180,8,236000,328000),('LJ170','B737-800','괌','GUM','여수','RSU','2025-04-24 13:50:00','2025-04-24 12:20:00',188,180,8,138000,296000),('LJ171','B737-900','괌','GUM','무안','MWX','2025-04-24 10:07:00','2025-04-24 08:50:00',188,180,8,179000,182000),('LJ172','B737-800','다낭','DAD','포항/경주','KPO','2025-04-25 20:36:00','2025-04-25 19:30:00',188,180,8,132000,178000),('LJ173','B737-800','괌','GUM','원주','WJU','2025-04-25 08:52:00','2025-04-25 07:30:00',188,180,8,311000,392000),('LJ174','B737-800','홍콩','HKG','여수','RSU','2025-04-25 17:35:00','2025-04-25 15:50:00',188,180,8,223000,311000),('LJ175','B737-800','치앙마이','CNX','무안','MWX','2025-04-26 09:23:00','2025-04-26 08:00:00',188,180,8,141000,332000),('LJ176','B737-800','정저우','CGO','울산','USN','2025-04-26 19:43:00','2025-04-26 18:20:00',188,180,8,123000,421000),('LJ177','B737-900','미야코지마/시모지시마','SHI','여수','RSU','2025-04-26 17:20:00','2025-04-26 16:20:00',188,180,8,328000,434000),('LJ178','B737-800','푸껫','HKT','대구','TAE','2025-04-27 20:39:00','2025-04-27 18:50:00',188,180,8,227000,381000),('LJ179','B737-900','오키나와','OKA','무안','MWX','2025-04-27 11:36:00','2025-04-27 10:40:00',188,180,8,182000,377000),('LJ180','B737-800','시안','XIY','서울/김포','GMP','2025-04-27 12:10:00','2025-04-27 10:30:00',188,180,8,90000,315000),('LJ181','B737-800','괌','GUM','서울/인천','ICN','2025-04-28 19:56:00','2025-04-28 19:10:00',188,180,8,270000,399000),('LJ182','B737-800','비엔티안','VTE','청주','CJJ','2025-04-28 18:19:00','2025-04-28 16:20:00',188,180,8,197000,351000),('LJ183','B737-800','홍콩','HKG','대구','TAE','2025-04-28 18:12:00','2025-04-28 16:40:00',188,180,8,188000,357000),('LJ184','B737-900','보홀','TAG','광주','KWJ','2025-04-29 23:39:00','2025-04-29 22:00:00',188,180,8,202000,273000),('LJ185','B737-900','다카마쓰','TAK','울산','USN','2025-04-29 12:28:00','2025-04-29 10:40:00',188,180,8,104000,167000),('LJ186','B737-800','홍콩','HKG','무안','MWX','2025-04-29 21:41:00','2025-04-29 20:10:00',188,180,8,187000,345000),('LJ187','B737-800','시안','XIY','무안','MWX','2025-04-30 20:03:00','2025-04-30 18:30:00',188,180,8,245000,261000),('LJ188','B737-800','오키나와','OKA','포항/경주','KPO','2025-04-30 23:56:00','2025-04-30 22:40:00',188,180,8,277000,278000),('LJ189','B737-800','타이중','RMQ','군산','KUV','2025-04-30 19:11:00','2025-04-30 17:50:00',188,180,8,145000,358000),('LJ190','B737-900','대구','TAE','마카오','MFM','2025-04-01 15:45:00','2025-04-01 14:40:00',188,180,8,94000,136000),('LJ191','B737-900','포항/경주','KPO','코타키나발루','BKI','2025-04-01 20:59:00','2025-04-01 19:40:00',188,180,8,114000,304000),('LJ192','B737-800','청주','CJJ','울란바토르','UBN','2025-04-01 19:23:00','2025-04-01 17:40:00',188,180,8,122000,417000),('LJ193','B737-800','무안','MWX','타이중','RMQ','2025-04-03 00:02:00','2025-04-02 22:30:00',188,180,8,345000,442000),('LJ194','B737-800','사천','HIN','세부','CEB','2025-04-02 08:07:00','2025-04-02 06:20:00',188,180,8,113000,149000),('LJ195','B737-800','제주','CJU','클락','CRK','2025-04-02 17:19:00','2025-04-02 15:30:00',188,180,8,301000,416000),('LJ196','B737-900','포항/경주','KPO','울란바토르','UBN','2025-04-03 19:27:00','2025-04-03 18:40:00',188,180,8,210000,426000),('LJ197','B737-900','울산','USN','오키나와','OKA','2025-04-03 22:54:00','2025-04-03 21:50:00',188,180,8,217000,414000),('LJ198','B737-800','울산','USN','타이베이/타오위안','TPE','2025-04-03 16:37:00','2025-04-03 14:40:00',188,180,8,111000,440000),('LJ199','B737-800','여수','RSU','다카마쓰','TAK','2025-04-04 19:19:00','2025-04-04 17:40:00',188,180,8,312000,314000),('LJ200','B737-800','제주','CJU','보홀','TAG','2025-04-04 23:29:00','2025-04-04 21:40:00',188,180,8,285000,377000),('LJ201','B737-900','원주','WJU','타이중','RMQ','2025-04-04 09:53:00','2025-04-04 08:30:00',188,180,8,117000,391000),('LJ202','B737-800','청주','CJJ','타이베이/타오위안','TPE','2025-04-05 13:13:00','2025-04-05 12:20:00',188,180,8,159000,340000),('LJ203','B737-900','서울/김포','GMP','후쿠오카','FUK','2025-04-05 14:43:00','2025-04-05 14:10:00',188,180,8,140000,425000),('LJ204','B737-800','여수','RSU','다낭','DAD','2025-04-05 19:00:00','2025-04-05 17:50:00',188,180,8,177000,423000),('LJ205','B737-900','울산','USN','타이중','RMQ','2025-04-06 12:58:00','2025-04-06 11:00:00',188,180,8,317000,428000),('LJ206','B737-800','울산','USN','삿포로','CTS','2025-04-06 07:31:00','2025-04-06 06:50:00',188,180,8,86000,251000),('LJ207','B737-900','포항/경주','KPO','나고야','NGO','2025-04-06 20:45:00','2025-04-06 19:50:00',188,180,8,132000,299000),('LJ208','B737-800','청주','CJJ','코타키나발루','BKI','2025-04-07 23:03:00','2025-04-07 22:30:00',188,180,8,156000,439000),('LJ209','B737-900','사천','HIN','정저우','CGO','2025-04-07 09:39:00','2025-04-07 08:00:00',188,180,8,211000,416000),('LJ210','B737-800','포항/경주','KPO','푸껫','HKT','2025-04-07 23:00:00','2025-04-07 21:30:00',188,180,8,288000,407000),('LJ211','B737-800','서울/김포','GMP','푸꾸옥','PQC','2025-04-08 07:20:00','2025-04-08 06:30:00',188,180,8,345000,410000),('LJ212','B737-800','광주','KWJ','타이중','RMQ','2025-04-08 18:18:00','2025-04-08 16:20:00',188,180,8,159000,190000),('LJ213','B737-900','청주','CJJ','기타큐슈','KKJ','2025-04-08 15:20:00','2025-04-08 13:20:00',188,180,8,165000,373000),('LJ214','B737-800','부산','PUS','나고야','NGO','2025-04-09 07:54:00','2025-04-09 07:20:00',188,180,8,230000,356000),('LJ215','B737-900','제주','CJU','코타키나발루','BKI','2025-04-09 08:37:00','2025-04-09 07:30:00',188,180,8,120000,323000),('LJ216','B737-800','부산','PUS','푸꾸옥','PQC','2025-04-09 08:42:00','2025-04-09 06:50:00',188,180,8,206000,398000),('LJ217','B737-800','대구','TAE','클락','CRK','2025-04-10 22:08:00','2025-04-10 20:20:00',188,180,8,299000,316000),('LJ218','B737-900','청주','CJJ','다낭','DAD','2025-04-10 17:09:00','2025-04-10 15:20:00',188,180,8,159000,224000),('LJ219','B737-900','부산','PUS','타이베이/타오위안','TPE','2025-04-10 17:11:00','2025-04-10 16:30:00',188,180,8,210000,277000),('LJ220','B737-900','서울/김포','GMP','기타큐슈','KKJ','2025-04-11 09:06:00','2025-04-11 07:10:00',188,180,8,234000,415000),('LJ221','B737-900','부산','PUS','보홀','TAG','2025-04-11 21:41:00','2025-04-11 21:00:00',188,180,8,231000,272000),('LJ222','B737-800','청주','CJJ','삿포로','CTS','2025-04-12 00:04:00','2025-04-11 22:20:00',188,180,8,303000,404000),('LJ223','B737-800','원주','WJU','세부','CEB','2025-04-12 10:34:00','2025-04-12 08:50:00',188,180,8,284000,389000),('LJ224','B737-800','서울/인천','ICN','상하이/푸둥','PVG','2025-04-12 14:03:00','2025-04-12 12:50:00',188,180,8,125000,153000),('LJ225','B737-900','무안','MWX','괌','GUM','2025-04-12 12:12:00','2025-04-12 11:00:00',188,180,8,312000,395000),('LJ226','B737-800','부산','PUS','후쿠오카','FUK','2025-04-13 11:21:00','2025-04-13 09:50:00',188,180,8,216000,246000),('LJ227','B737-900','광주','KWJ','상하이/푸둥','PVG','2025-04-13 09:08:00','2025-04-13 08:10:00',188,180,8,248000,404000),('LJ228','B737-900','서울/인천','ICN','후쿠오카','FUK','2025-04-13 13:49:00','2025-04-13 13:00:00',188,180,8,203000,324000),('LJ229','B737-800','사천','HIN','보홀','TAG','2025-04-14 21:57:00','2025-04-14 20:10:00',188,180,8,139000,411000),('LJ230','B737-900','청주','CJJ','나고야','NGO','2025-04-14 19:52:00','2025-04-14 18:30:00',188,180,8,201000,251000),('LJ231','B737-900','부산','PUS','마카오','MFM','2025-04-14 18:20:00','2025-04-14 17:10:00',188,180,8,269000,405000),('LJ232','B737-800','제주','CJU','방콕','BKK','2025-04-15 13:01:00','2025-04-15 12:00:00',188,180,8,82000,163000),('LJ233','B737-800','대구','TAE','정저우','CGO','2025-04-15 18:47:00','2025-04-15 17:30:00',188,180,8,256000,332000),('LJ234','B737-900','부산','PUS','나고야','NGO','2025-04-15 16:04:00','2025-04-15 14:40:00',188,180,8,291000,401000),('LJ235','B737-900','울산','USN','방콕','BKK','2025-04-16 19:47:00','2025-04-16 18:40:00',188,180,8,134000,260000),('LJ236','B737-900','포항/경주','KPO','후쿠오카','FUK','2025-04-16 13:24:00','2025-04-16 11:30:00',188,180,8,339000,427000),('LJ237','B737-900','대구','TAE','보홀','TAG','2025-04-16 22:59:00','2025-04-16 22:10:00',188,180,8,100000,148000),('LJ238','B737-800','서울/인천','ICN','정저우','CGO','2025-04-17 11:57:00','2025-04-17 10:00:00',188,180,8,129000,370000),('LJ239','B737-900','부산','PUS','오사카/간사이','KIX','2025-04-17 23:27:00','2025-04-17 21:30:00',188,180,8,274000,393000),('LJ240','B737-900','서울/인천','ICN','상하이/푸둥','PVG','2025-04-17 13:32:00','2025-04-17 12:30:00',188,180,8,313000,450000),('LJ241','B737-800','청주','CJJ','푸껫','HKT','2025-04-18 12:18:00','2025-04-18 11:00:00',188,180,8,203000,448000),('LJ242','B737-800','서울/김포','GMP','괌','GUM','2025-04-18 10:10:00','2025-04-18 09:40:00',188,180,8,182000,351000),('LJ243','B737-900','청주','CJJ','다낭','DAD','2025-04-18 09:32:00','2025-04-18 09:00:00',188,180,8,104000,135000),('LJ244','B737-900','여수','RSU','세부','CEB','2025-04-19 18:37:00','2025-04-19 16:50:00',188,180,8,223000,341000),('LJ245','B737-800','대구','TAE','타이중','RMQ','2025-04-19 21:01:00','2025-04-19 20:20:00',188,180,8,132000,246000),('LJ246','B737-900','여수','RSU','오사카/간사이','KIX','2025-04-19 08:15:00','2025-04-19 07:40:00',188,180,8,249000,345000),('LJ247','B737-800','서울/인천','ICN','삿포로','CTS','2025-04-20 11:13:00','2025-04-20 10:00:00',188,180,8,349000,399000),('LJ248','B737-900','서울/인천','ICN','울란바토르','UBN','2025-04-20 11:16:00','2025-04-20 10:30:00',188,180,8,211000,261000),('LJ249','B737-800','대구','TAE','타이중','RMQ','2025-04-20 09:34:00','2025-04-20 08:10:00',188,180,8,231000,340000),('LJ250','B737-800','원주','WJU','삿포로','CTS','2025-04-21 08:00:00','2025-04-21 06:50:00',188,180,8,226000,399000),('LJ251','B737-800','무안','MWX','미야코지마/시모지시마','SHI','2025-04-21 17:03:00','2025-04-21 16:20:00',188,180,8,276000,428000),('LJ252','B737-900','사천','HIN','홍콩','HKG','2025-04-21 20:57:00','2025-04-21 19:10:00',188,180,8,225000,405000),('LJ253','B737-900','사천','HIN','나고야','NGO','2025-04-22 20:02:00','2025-04-22 19:10:00',188,180,8,151000,282000),('LJ254','B737-900','청주','CJJ','삿포로','CTS','2025-04-22 10:39:00','2025-04-22 09:40:00',188,180,8,162000,305000),('LJ255','B737-900','제주','CJU','나트랑','CXR','2025-04-22 17:28:00','2025-04-22 15:30:00',188,180,8,152000,153000),('LJ256','B737-800','대구','TAE','세부','CEB','2025-04-23 22:57:00','2025-04-23 21:40:00',188,180,8,176000,329000),('LJ257','B737-900','원주','WJU','방콕','BKK','2025-04-23 19:16:00','2025-04-23 17:50:00',188,180,8,259000,402000),('LJ258','B737-800','대구','TAE','방콕','BKK','2025-04-23 14:48:00','2025-04-23 12:50:00',188,180,8,116000,407000),('LJ259','B737-800','사천','HIN','정저우','CGO','2025-04-24 10:20:00','2025-04-24 08:30:00',188,180,8,236000,328000),('LJ260','B737-800','여수','RSU','괌','GUM','2025-04-24 13:50:00','2025-04-24 12:20:00',188,180,8,138000,296000),('LJ261','B737-900','무안','MWX','괌','GUM','2025-04-24 10:07:00','2025-04-24 08:50:00',188,180,8,179000,182000),('LJ262','B737-800','포항/경주','KPO','다낭','DAD','2025-04-25 20:36:00','2025-04-25 19:30:00',188,180,8,132000,178000),('LJ263','B737-800','원주','WJU','괌','GUM','2025-04-25 08:52:00','2025-04-25 07:30:00',188,180,8,311000,392000),('LJ264','B737-800','여수','RSU','홍콩','HKG','2025-04-25 17:35:00','2025-04-25 15:50:00',188,180,8,223000,311000),('LJ265','B737-800','무안','MWX','치앙마이','CNX','2025-04-26 09:23:00','2025-04-26 08:00:00',188,180,8,141000,332000),('LJ266','B737-800','울산','USN','정저우','CGO','2025-04-26 19:43:00','2025-04-26 18:20:00',188,180,8,123000,421000),('LJ267','B737-900','여수','RSU','미야코지마/시모지시마','SHI','2025-04-26 17:20:00','2025-04-26 16:20:00',188,180,8,328000,434000),('LJ268','B737-800','대구','TAE','푸껫','HKT','2025-04-27 20:39:00','2025-04-27 18:50:00',188,180,8,227000,381000),('LJ269','B737-900','무안','MWX','오키나와','OKA','2025-04-27 11:36:00','2025-04-27 10:40:00',188,180,8,182000,377000),('LJ270','B737-800','서울/김포','GMP','시안','XIY','2025-04-27 12:10:00','2025-04-27 10:30:00',188,180,8,90000,315000),('LJ271','B737-800','서울/인천','ICN','괌','GUM','2025-04-28 19:56:00','2025-04-28 19:10:00',188,180,8,270000,399000),('LJ272','B737-800','청주','CJJ','비엔티안','VTE','2025-04-28 18:19:00','2025-04-28 16:20:00',188,180,8,197000,351000),('LJ273','B737-800','대구','TAE','홍콩','HKG','2025-04-28 18:12:00','2025-04-28 16:40:00',188,180,8,188000,357000),('LJ274','B737-900','광주','KWJ','보홀','TAG','2025-04-29 23:39:00','2025-04-29 22:00:00',188,180,8,202000,273000),('LJ275','B737-900','울산','USN','다카마쓰','TAK','2025-04-29 12:28:00','2025-04-29 10:40:00',188,180,8,104000,167000),('LJ276','B737-800','무안','MWX','홍콩','HKG','2025-04-29 21:41:00','2025-04-29 20:10:00',188,180,8,187000,345000),('LJ277','B737-800','무안','MWX','시안','XIY','2025-04-30 20:03:00','2025-04-30 18:30:00',188,180,8,245000,261000),('LJ278','B737-800','포항/경주','KPO','오키나와','OKA','2025-04-30 23:56:00','2025-04-30 22:40:00',188,180,8,277000,278000),('LJ279','B737-800','군산','KUV','타이중','RMQ','2025-04-30 19:11:00','2025-04-30 17:50:00',188,180,8,145000,358000);
/*!40000 ALTER TABLE `flight` ENABLE KEYS */;
UNLOCK TABLES;

--
-- Table structure for table `main_menu_category`
--

DROP TABLE IF EXISTS `main_menu_category`;
/*!40101 SET @saved_cs_client     = @@character_set_client */;
/*!50503 SET character_set_client = utf8mb4 */;
CREATE TABLE `main_menu_category` (
  `mid` char(3) NOT NULL,
  `title` varchar(20) NOT NULL,
  PRIMARY KEY (`mid`)
) ENGINE=InnoDB DEFAULT CHARSET=utf8mb4 COLLATE=utf8mb4_0900_ai_ci;
/*!40101 SET character_set_client = @saved_cs_client */;

--
-- Dumping data for table `main_menu_category`
--

LOCK TABLES `main_menu_category` WRITE;
/*!40000 ALTER TABLE `main_menu_category` DISABLE KEYS */;
INSERT INTO `main_menu_category` VALUES ('101','예약'),('102','프로모션/제휴'),('103','부가서비스'),('104','운항정보'),('105', '전체메뉴');
/*!40000 ALTER TABLE `main_menu_category` ENABLE KEYS */;
UNLOCK TABLES;

--
-- Table structure for table `promotion`
--

DROP TABLE IF EXISTS `promotion`;
/*!40101 SET @saved_cs_client     = @@character_set_client */;
/*!50503 SET character_set_client = utf8mb4 */;
CREATE TABLE `promotion` (
  `pronum` varchar(20) NOT NULL,
  `D_acode` varchar(5) NOT NULL,
  `img` varchar(50) NOT NULL,
  PRIMARY KEY (`pronum`)
) ENGINE=InnoDB DEFAULT CHARSET=utf8mb4 COLLATE=utf8mb4_0900_ai_ci;
/*!40101 SET character_set_client = @saved_cs_client */;

--
-- Dumping data for table `promotion`
--

LOCK TABLES `promotion` WRITE;
/*!40000 ALTER TABLE `promotion` DISABLE KEYS */;
INSERT INTO `promotion` VALUES ('pro_001','GUM','promo_imgs/guam.jpg'),('pro_002','KKJ','promo_imgs/kitakyushu.jpg'),('pro_003','NGO','promo_imgs/nagoya.jpg'),('pro_004','CXR','promo_imgs/nhatrang.jpg'),('pro_005','DAD','promo_imgs/danang.jpg'),('pro_006','TAK','promo_imgs/takamatsu.jpg'),('pro_007','NRT','promo_imgs/tokyonarita.jpg'),('pro_008','MFM','promo_imgs/macau.jpg'),('pro_009','SHI','promo_imgs/miyakojimashimojishima.jpg'),('pro_010','BKK','promo_imgs/bangkok.jpg'),('pro_011','TAG','promo_imgs/bohol.jpg'),('pro_012','VTE','promo_imgs/vientiane.jpg'),('pro_013','CTS','promo_imgs/sapporo.jpg'),('pro_014','PVG','promo_imgs/shanghaipudong.jpg'),('pro_015','CEB','promo_imgs/cebu.jpg'),('pro_016','XIY','promo_imgs/xi\'an.jpg'),('pro_017','KIX','promo_imgs/osaka/kansai.jpg'),('pro_018','OKA','promo_imgs/okinawa.jpg'),('pro_019','UBN','promo_imgs/ulaanbaatar.jpg'),('pro_020','ISG','promo_imgs/ishigakijima.jpg'),('pro_021','CGO','promo_imgs/zhengzhou.jpg'),('pro_022','CNX','promo_imgs/chiangmai.jpg'),('pro_023','BKI','promo_imgs/kotakinabalu.jpg'),('pro_024','CRK','promo_imgs/clark.jpg'),('pro_025','TPE','promo_imgs/taipeitaoyuan.jpg'),('pro_026','RMQ','promo_imgs/taichung.jpg'),('pro_027','HKT','promo_imgs/phuket.jpg'),('pro_028','PQC','promo_imgs/phuquoc.jpg'),('pro_029','HKG','promo_imgs/hongkong.jpg'),('pro_030','FUK','promo_imgs/fukuoka.jpg');
/*!40000 ALTER TABLE `promotion` ENABLE KEYS */;
UNLOCK TABLES;

--
-- Table structure for table `qna`
--

DROP TABLE IF EXISTS `notice`;
/*!40101 SET @saved_cs_client     = @@character_set_client */;
/*!50503 SET character_set_client = utf8mb4 */;
CREATE TABLE `notice` (
  `NUM` int NOT NULL AUTO_INCREMENT,
  `TYPE` char(1) NOT NULL,
  `TITLE` varchar(30) NOT NULL,
  `CONTENT` varchar(1000) NOT NULL,
  `REG_DATE` datetime NOT NULL,
  PRIMARY KEY (`NUM`)
) ENGINE=InnoDB DEFAULT CHARSET=utf8mb4 COLLATE=utf8mb4_0900_ai_ci;
/*!40101 SET character_set_client = @saved_cs_client */;

--
-- Dumping data for table `qna`
--

LOCK TABLES `qna` WRITE;
/*!40000 ALTER TABLE `qna` DISABLE KEYS */;
/*!40000 ALTER TABLE `qna` ENABLE KEYS */;
UNLOCK TABLES;

--
-- Table structure for table `reservation`
--

DROP TABLE IF EXISTS `reservation`;
/*!40101 SET @saved_cs_client     = @@character_set_client */;
/*!50503 SET character_set_client = utf8mb4 */;
CREATE TABLE `reservation` (
  `NO` int NOT NULL,
  `ID` varchar(20) NOT NULL,
  `fNUM` varchar(20) NOT NULL,
  `RES_NUM` varchar(20) NOT NULL,
  `RES_DATE` datetime NOT NULL,
  KEY `SUB_RESERVATION_FK_fnum` (`fNUM`),
  KEY `SUB_RESERVATION_FK_id` (`ID`),
  CONSTRAINT `SUB_RESERVATION_FK_fnum` FOREIGN KEY (`fNUM`) REFERENCES `flight` (`fNUM`),
  CONSTRAINT `SUB_RESERVATION_FK_id` FOREIGN KEY (`ID`) REFERENCES `customer` (`id`)
) ENGINE=InnoDB DEFAULT CHARSET=utf8mb4 COLLATE=utf8mb4_0900_ai_ci;
/*!40101 SET character_set_client = @saved_cs_client */;

--
-- Dumping data for table `reservation`
--

LOCK TABLES `reservation` WRITE;
/*!40000 ALTER TABLE `reservation` DISABLE KEYS */;
/*!40000 ALTER TABLE `reservation` ENABLE KEYS */;
UNLOCK TABLES;

--
-- Table structure for table `sub_category`
--

DROP TABLE IF EXISTS `sub_category`;
/*!40101 SET @saved_cs_client     = @@character_set_client */;
/*!50503 SET character_set_client = utf8mb4 */;
CREATE TABLE `sub_category` (
  `sid` char(3) NOT NULL,
  `title` varchar(20) NOT NULL,
  `mid` char(3) NOT NULL,
  `image` varchar(50) DEFAULT NULL,
  PRIMARY KEY (`mid`,`sid`),
  CONSTRAINT `SUB_CATEGORY_FK_SID` FOREIGN KEY (`mid`) REFERENCES `main_menu_category` (`mid`)
) ENGINE=InnoDB DEFAULT CHARSET=utf8mb4 COLLATE=utf8mb4_0900_ai_ci;
/*!40101 SET character_set_client = @saved_cs_client */;

--
-- Dumping data for table `sub_category`
--

LOCK TABLES `sub_category` WRITE;
/*!40000 ALTER TABLE `sub_category` DISABLE KEYS */;
INSERT INTO `sub_category` VALUES ('aa1','예약안내','101','<IoMdAirplane />'),('aa2','항공권 예약','101',NULL),('aa3','예약/결제안내','101',NULL),('aa4','예약변경/취소/환불','101',NULL),
('bb1','추천 항공권','101','<MdAirplaneTicket />'),('bb2','최저가항공권','101',NULL),('bb3','맞춤항공권','101',NULL),
('cc1','운임 및 수수료','101','<IoIosPricetags />'),('cc2','국내선','101',NULL),('cc3','국제선','101',NULL),
('dd1','할인','101','<RiDiscountPercentFill />'),('dd2','할인코드','101',NULL),('dd4','프로모션코드','101',NULL),('dd5','신분할인제도','101',NULL),('dd6','상용우대 프로그램','101',NULL),
('ee1','이벤트','102','<PiCalendarStarFill />'),('ee2','진행중','102',NULL),('ee3','종료','102',NULL),('ee4','당첨자 발표','102',NULL),
('ff1','제휴','102','<LuHeartHandshake />'),('ff2','차량','102',NULL),('ff3','호텔','102',NULL),('ff4','여행보험','102',NULL),('ff5','현지투어/통신','102',NULL),('ff6','카드/환전','102',NULL),('ff7','지니 보딩패스','102',NULL),
('gg1','부가서비스 안내','103','<LuPackagePlus />'),
('hh1','묶음 할인','103','<IoIosGift />'),
('ii1','좌석','103','<PiSeatFill />'),
('jj1','수하물','103','<BsSuitcase2Fill />'),
('kk1','기내식','103','<FaUtensils />'),
('ll1','여행보험','103','<AiFillSafetyCertificate />'),
('mm1','JINI PET','103','<MdOutlinePets />'),
('nn1','출도착 안내','104','<PiAirplaneInFlightFill />'),('nn2','구간 조회','104',NULL),('nn3','편명 조회','104',NULL),
('oo1','스케줄 조회','104','<FaCalendarCheck />'),('oo2','왕복','104',NULL),('oo3','편도','104',NULL),
('pp1','취항 노선 안내','104','<FaEarthAsia />'),('pp2','국내선','104',NULL),('pp3','국제선','104',NULL);

/*!40000 ALTER TABLE `sub_category` ENABLE KEYS */;
UNLOCK TABLES;
/*!40103 SET TIME_ZONE=@OLD_TIME_ZONE */;

/*!40101 SET SQL_MODE=@OLD_SQL_MODE */;
/*!40014 SET FOREIGN_KEY_CHECKS=@OLD_FOREIGN_KEY_CHECKS */;
/*!40014 SET UNIQUE_CHECKS=@OLD_UNIQUE_CHECKS */;
/*!40101 SET CHARACTER_SET_CLIENT=@OLD_CHARACTER_SET_CLIENT */;
/*!40101 SET CHARACTER_SET_RESULTS=@OLD_CHARACTER_SET_RESULTS */;
/*!40101 SET COLLATION_CONNECTION=@OLD_COLLATION_CONNECTION */;
/*!40111 SET SQL_NOTES=@OLD_SQL_NOTES */;

-- Dump completed on 2025-03-26 18:16:45
